SET FOREIGN_KEY_CHECKS=0;
INSERT INTO CHINHANH VALUES ('CHINHANH1','221B Baker Street','LONG-ESTABLISHED','PERRY THE PLATYPUS');
INSERT INTO CHINHANH VALUES ('CHINHANH2','4242 XA LO HA NOI','WELL-KNOWN','PHINEAS');

INSERT INTO CHUONGTRINHHOC VALUES ('CTH1','LETS GO',1,4);
INSERT INTO CHUONGTRINHHOC VALUES ('CTH2','NATIONAL',5,9);
INSERT INTO CHUONGTRINHHOC VALUES ('CTH3','ETS TOEFL',2,5);
INSERT INTO CHUONGTRINHHOC VALUES ('CTH4','IELTS 5.0',6,5);
INSERT INTO CHUONGTRINHHOC VALUES ('CTH5','CHINA',7,10);

INSERT INTO KHOAHOC VALUES ('KHOAHOC1','LUYEN THI IELTS 9.0','PRO',500000,'2022-09-09','2023-08-07');
INSERT INTO KHOAHOC VALUES ('KHOAHOC2','LUYEN THI IELTS 10.0','PRO',2430000,'2022-09-05','2023-08-27');
INSERT INTO KHOAHOC VALUES ('KHOAHOC3','TIENG TRUNG 1','BASIC',300000,'2022-07-09','2023-08-07');
INSERT INTO KHOAHOC VALUES ('KHOAHOC4','TIENG TRUNG 2','GOOD',5000000,'2022-06-09','2023-1-07');
INSERT INTO KHOAHOC VALUES ('KHOAHOC5','TOEIC 500','BASIC',800000,'2022-10-09','2023-12-07');
INSERT INTO KHOAHOC VALUES ('KHOAHOC6','TOEIC 700','GOOD',1300000,'2022-1-09','2023-3-07');

INSERT INTO LOPHOC VALUES ('LOPHOC1','IE1_9','KHOAHOC1');
INSERT INTO LOPHOC VALUES ('LOPHOC2','IE1_10','KHOAHOC2');
INSERT INTO LOPHOC VALUES ('LOPHOC3','CHINA1','KHOAHOC3');
INSERT INTO LOPHOC VALUES ('LOPHOC4','TOIEC500_1','KHOAHOC5');
INSERT INTO LOPHOC VALUES ('LOPHOC5','TOIEC500_2','KHOAHOC5');
INSERT INTO LOPHOC VALUES ('LOPHOC6','CHINA2','KHOAHOC3');
INSERT INTO LOPHOC VALUES ('LOPHOC7','CHINA3','KHOAHOC4');
INSERT INTO LOPHOC VALUES ('LOPHOC8','TOEIC700_1','KHOAHOC6');
INSERT INTO LOPHOC VALUES ('LOPHOC9','CHINA$','KHOAHOC3');
INSERT INTO LOPHOC VALUES ('LOPHOC10','TOEIC700_2','KHOAHOC6');
INSERT INTO LOPHOC VALUES ('LOPHOC11','IE2_10','KHOAHOC2');
INSERT INTO LOPHOC VALUES ('LOPHOC12','IE2_9','KHOAHOC1');

INSERT INTO BUOIHOC VALUES ('BUOIHOC1','UNIT 1','2022-09-09','LOPHOC1','CTH1');
INSERT INTO BUOIHOC VALUES ('BUOIHOC2','UNIT 1','2022-09-05','LOPHOC2','CTH2');
INSERT INTO BUOIHOC VALUES ('BUOIHOC3','UNIT 1-2','2023-09-08','LOPHOC1','CTH1');
INSERT INTO BUOIHOC VALUES ('BUOIHOC4','UNIT 1-2','2022-10-30','LOPHOC2','CTH2');
INSERT INTO BUOIHOC VALUES ('BUOIHOC5','UNIT 1','2022-07-09','LOPHOC3','CTH5');
INSERT INTO BUOIHOC VALUES ('BUOIHOC6','UNIT 1','2022-06-09','LOPHOC4','CTH2');
INSERT INTO BUOIHOC VALUES ('BUOIHOC7','UNIT 1','2023-09-08','LOPHOC5','CTH4');
INSERT INTO BUOIHOC VALUES ('BUOIHOC8','UNIT 1','2022-07-09','LOPHOC6','CTH5');
INSERT INTO BUOIHOC VALUES ('BUOIHOC9','UNIT 1','2022-07-09','LOPHOC7','CTH5');
INSERT INTO BUOIHOC VALUES ('BUOIHOC10','UNIT 1','2022-1-09','LOPHOC8','CTH3');
INSERT INTO BUOIHOC VALUES ('BUOIHOC11','UNIT 1','2023-09-08','LOPHOC9','CTH5');
INSERT INTO BUOIHOC VALUES ('BUOIHOC12','UNIT 1','2022-1-09','LOPHOC10','CTH1');



INSERT INTO KHUYENMAI VALUES ('VOUCHER1','2022-01-08','2023-08-09');
INSERT INTO KHUYENMAI VALUES ('VOUCHER2','2022-03-04','2023-07-07');
INSERT INTO KHUYENMAI VALUES ('QUATANG1','2022-03-24','2023-08-06');
INSERT INTO KHUYENMAI VALUES ('VOUCHER3','2022-01-08','2023-08-09');
INSERT INTO KHUYENMAI VALUES ('VOUCHER4','2022-03-04','2023-07-07');
INSERT INTO KHUYENMAI VALUES ('QUATANG2','2022-03-24','2023-08-06');

INSERT INTO VOUCHER VALUES ('VOUCHER1', 'GIAM30K', 'TIEN', '30000','');
INSERT INTO VOUCHER VALUES ('VOUCHER2', 'GIAM50%', '%', '50','10000');
INSERT INTO QUATANG VALUES ('QUATANG1', 'binh nuoc', '20000', '5');
INSERT INTO VOUCHER VALUES ('VOUCHER3', 'GIAM100K', 'TIEN', '100000','');
INSERT INTO VOUCHER VALUES ('VOUCHER4', 'GIAM10%', '%', '10','50000');
INSERT INTO QUATANG VALUES ('QUATANG2', 'BUT', '5000', '50');


INSERT INTO PHONGHOC VALUES ('PHONGHOC1', '304', '24');
INSERT INTO PHONGHOC VALUES ('PHONGHOC2', '254', '100');
INSERT INTO PHONGHOC VALUES ('PHONGHOC3', '1111', '124');
INSERT INTO PHONGHOC VALUES ('PHONGHOC4', '321', '100');
INSERT INTO PHONGHOC VALUES ('PHONGHOC5', '231', '59');
INSERT INTO PHONGHOC VALUES ('PHONGHOC6', '786', '100');

-- tai khoan nhanvien
INSERT INTO TAIKHOAN  VALUES ('mimi1', 'hihhah', 'mimi1@GMAIL.COM');
INSERT INTO TAIKHOAN  VALUES ('congdanh', 'FJKDLS', 'congdanh@GM.COM');
INSERT INTO TAIKHOAN  VALUES ('vantam', 'DJKSKL', 'vantam@GMAIL.COM');
INSERT INTO TAIKHOAN  VALUES ('vanluc', 'DJFSK', 'vanluc@GMAIL.COM');
INSERT INTO TAIKHOAN  VALUES ('khanhvi', 'JFDKSL', 'khanhvi@GMAIL.COM');
INSERT INTO TAIKHOAN  VALUES ('congdanh2', 'JDFKLS', 'congdanh2@GMAIL.COM');
INSERT INTO TAIKHOAN  VALUES ('a123', 'hihhah', 'a123@GMAIL.COM');
INSERT INTO TAIKHOAN  VALUES ('congthanh', 'FJKDLS', 'congthanh@GM.COM');
INSERT INTO TAIKHOAN  VALUES ('vanba', 'DJKSKL', 'vanba@GMAIL.COM');
INSERT INTO TAIKHOAN  VALUES ('thimoa', 'DJFSK', 'thimoa@GMAIL.COM');
-- tai khoan hoc vien - phu huynh
INSERT INTO TAIKHOAN  VALUES ('vivi', 'JFDKSL', 'vivi@GMAIL.COM');
INSERT INTO TAIKHOAN  VALUES ('danhdanh', 'JDFKLS', 'danhdanh@GMAIL.COM');
INSERT INTO TAIKHOAN  VALUES ('tranthanh', 'hihhah', 'tranthanh@GMAIL.COM');
INSERT INTO TAIKHOAN  VALUES ('thanhtran', 'FJKDLS', 'thanhtran@GM.COM');
INSERT INTO TAIKHOAN  VALUES ('tantamtu', 'DJKSKL', 'tantamtu@GMAIL.COM');
INSERT INTO TAIKHOAN  VALUES ('tadiem', 'DJFSK', 'tadiem@GMAIL.COM');
INSERT INTO TAIKHOAN  VALUES ('tieuhoa', 'JFDKSL', 'tieuhoa@GMAIL.COM');

INSERT INTO NHANVIEN VALUES ('NV1', 'NGUYEN THI MI', '0651859912', '10000000', '76 HN', 'mimi1@GMAIL.COM', 'CHINHANH1', 'mimi1','2000-11-19');
INSERT INTO NHANVIEN VALUES ('NV2', 'NGUYEN CONG DANH', '0987654321', '11000000', '79 LTK', 'congdanh@GMAIL.COM', 'CHINHANH2', 'congdanh','1998-1-20');
INSERT INTO NHANVIEN VALUES ('NV3', 'HOANG VAN TAM', '0667514732', '12000000', '789 LUONG DINH', 'vantam@GMAIL.COM', 'CHINHANH2', 'vantam','2002-5-1');
INSERT INTO NHANVIEN VALUES ('NV4', 'NGUYEN THI A', '0712403883', '13000000', '76 HN', 'a123@GMAIL.COM', 'CHINHANH1', 'a123','2000-11-19');
INSERT INTO NHANVIEN VALUES ('NV5', 'NGUYEN CONG THANH', '0564912314', '50000000', '79 LTK', 'congthanh@GMAIL.COM', 'CHINHANH2', 'congthanh','1998-1-20');
INSERT INTO NHANVIEN VALUES ('NV6', 'HOANG VAN BA', '0481220118', '40000000', '789 LUONG DINH', 'vanba@GMAIL.COM', 'CHINHANH2', 'vanba','2002-5-1');
INSERT INTO NHANVIEN VALUES ('NV7', 'NGUYEN THI MOA', '0655206018', '70000000', '76 HN', 'thimoa@GMAIL.COM', 'CHINHANH1', 'thimoa','2000-11-19');

INSERT INTO PHUHUYNH VALUES ('123456789012', 'TRAN VAN LUC', '789 KHI AN', 'LUCLUC@GMAIL.COM', 'vanluc');
INSERT INTO HOCVIEN  VALUES ('HOCVIEN1', 'NGUYEN KHANH VI', '0916268220', 'KTX KHU A', 'khanhvi@GMAIL.COM', '2002-06-06', 'BASIC', 'khanhvi');
INSERT INTO HOCVIEN  VALUES ('HOCVIEN2', 'TRAN CONG DANH', '0721617469', 'KTX KHU B', 'congdanh2@GMAIL.COM', '2002-08-08', 'GOOD', 'congdanh2');
INSERT INTO HOCVIEN  VALUES ('HOCVIEN3', 'NGUYEN VI VI', '0709101796', 'KTX KHU A', 'vivi@GMAIL.COM', '2002-06-06', 'PRO', 'vivi');
INSERT INTO HOCVIEN  VALUES ('HOCVIEN4', 'TRAN THANH', '0712912257', 'KTX KHU C', 'tranthanh@GMAIL.COM', '2003-08-08', 'GOOD', 'tranthanh');
INSERT INTO HOCVIEN  VALUES ('HOCVIEN5', 'THANH TRAN', '0531647787', 'KTX KHU A', 'thanhtran@GMAIL.COM', '2009-02-06', 'BASIC', 'thanhtran');
INSERT INTO HOCVIEN  VALUES ('HOCVIEN6', 'TAN TAM TU', '0469163075', 'KTX KHU A', 'tantamtu@GMAIL.COM', '2002-05-08', 'GOOD', 'tantamtu');
INSERT INTO HOCVIEN  VALUES ('HOCVIEN7', 'TA DIEM', '0887214794', 'KTX KHU A', 'tadiem@GMAIL.COM', '2000-06-12', 'PRO', 'tadiem');
INSERT INTO HOCVIEN  VALUES ('HOCVIEN8', 'MAC TIEU HOA', '0612186567', 'KTX KHU B', 'tieuhoa@GMAIL.COM', '1999-01-08', 'GOOD', 'tieuhoa');

INSERT INTO NGUOIGIANGDAY VALUES ('NV1');
INSERT INTO NGUOIGIANGDAY VALUES ('NV2');
INSERT INTO NGUOIGIANGDAY VALUES ('NV3');
INSERT INTO NGUOIGIANGDAY VALUES ('NV4');
INSERT INTO NGUOIGIANGDAY VALUES ('NV5');

INSERT INTO GIANGVIEN VALUES ('NV1', 'DH NGOAI NGU', '5 NAM');
INSERT INTO GIANGVIEN VALUES ('NV2', 'DH NGOAI THUONG', '3 NAM');
INSERT INTO GIANGVIEN VALUES ('NV3', 'DH NGOAI NGU', '10 NAM');
INSERT INTO TA VALUES ('NV4');
INSERT INTO TA VALUES ('NV5');
INSERT INTO THUNGAN VALUES ('NV6');
INSERT INTO THUNGAN VALUES ('NV7');


INSERT INTO HOADON VALUES ('HOADON1', 'CREDIT CARD', '2022-08-08', 'NOT DONE', 'KHOAHOC1', 'HOCVIEN1', 'NV6','500000');
INSERT INTO HOADON VALUES ('HOADON2', 'CREDIT CARD', '2022-08-08', 'NOT DONE', 'KHOAHOC2', 'HOCVIEN2', 'NV6','2430000');
INSERT INTO HOADON VALUES ('HOADON3', 'CASH', '2022-09-09', 'DONE', 'KHOAHOC3', 'HOCVIEN3', 'NV6','300000');
INSERT INTO HOADON VALUES ('HOADON4', 'CASH', '2022-10-08', 'DONE', 'KHOAHOC4', 'HOCVIEN4', 'NV7','5000000');
INSERT INTO HOADON VALUES ('HOADON5', 'CASH', '2022-10-09', 'DONE', 'KHOAHOC1', 'HOCVIEN5', 'NV6','500000');
INSERT INTO HOADON VALUES ('HOADON6', 'CREDIT CARD', '2022-08-08', 'NOT DONE', 'KHOAHOC1', 'HOCVIEN6', 'NV7','500000');
INSERT INTO HOADON VALUES ('HOADON7', 'CASH', '2022-10-09', 'DONE', 'KHOAHOC1', 'HOCVIEN7', 'NV6','500000');
INSERT INTO HOADON VALUES ('HOADON8', 'CASH', '2022-10-08', 'NOT DONE', 'KHOAHOC2', 'HOCVIEN8', 'NV7','2430000');
INSERT INTO HOADON VALUES ('HOADON9', 'CASH', '2022-09-09', 'NOT DONE', 'KHOAHOC1', 'HOCVIEN1', 'NV6','500000');
INSERT INTO HOADON VALUES ('HOADON10', 'CREDIT CARD', '2022-08-08', 'NOT DONE', 'KHOAHOC2', 'HOCVIEN2', 'NV7','2430000');

INSERT INTO DANHGIA VALUES ('congdanh2', 'KHOAHOC2', 'HAY', '5');
INSERT INTO DANHGIA VALUES ('tadiem', 'KHOAHOC1', 'CUNG DUOC', '4.5');
INSERT INTO DANHGIA VALUES ('tantamtu', 'KHOAHOC1', 'HAY', '5');
INSERT INTO DANHGIA VALUES ('mactieuhoa', 'KHOAHOC2', 'QUA HAY', '5');

INSERT INTO buoihoc_phonghoc  VALUES ('CHINHANH1', '304', 'BUOIHOC1');
INSERT INTO buoihoc_phonghoc  VALUES ('CHINHANH1', '304', 'BUOIHOC2');
INSERT INTO buoihoc_phonghoc  VALUES ('CHINHANH2', '254', 'BUOIHOC3');
INSERT INTO buoihoc_phonghoc  VALUES ('CHINHANH3', '1111', 'BUOIHOC4');
INSERT INTO buoihoc_phonghoc  VALUES ('CHINHANH1', '231', 'BUOIHOC5');
INSERT INTO buoihoc_phonghoc  VALUES ('CHINHANH2', '304', 'BUOIHOC6');
INSERT INTO buoihoc_phonghoc  VALUES ('CHINHANH1', '231', 'BUOIHOC7');
INSERT INTO buoihoc_phonghoc  VALUES ('CHINHANH1', '231', 'BUOIHOC8');
INSERT INTO buoihoc_phonghoc  VALUES ('CHINHANH2', '786', 'BUOIHOC9');
INSERT INTO buoihoc_phonghoc  VALUES ('CHINHANH3', '304', 'BUOIHOC10');
INSERT INTO buoihoc_phonghoc  VALUES ('CHINHANH1', '304', 'BUOIHOC11');
INSERT INTO buoihoc_phonghoc  VALUES ('CHINHANH2', '786', 'BUOIHOC12');

INSERT INTO chinhanh_khoahoc  VALUES ('CHINHANH1', 'KHOAHOC1');
INSERT INTO chinhanh_khoahoc  VALUES ('CHINHANH1', 'KHOAHOC2');
INSERT INTO chinhanh_khoahoc  VALUES ('CHINHANH1', 'KHOAHOC3');
INSERT INTO chinhanh_khoahoc  VALUES ('CHINHANH1', 'KHOAHOC4');
INSERT INTO chinhanh_khoahoc  VALUES ('CHINHANH1', 'KHOAHOC5');
INSERT INTO chinhanh_khoahoc  VALUES ('CHINHANH1', 'KHOAHOC6');
INSERT INTO chinhanh_khoahoc  VALUES ('CHINHANH2', 'KHOAHOC6');
INSERT INTO chinhanh_khoahoc  VALUES ('CHINHANH2', 'KHOAHOC5');
INSERT INTO chinhanh_khoahoc  VALUES ('CHINHANH2', 'KHOAHOC4');
INSERT INTO chinhanh_khoahoc  VALUES ('CHINHANH2', 'KHOAHOC3');
INSERT INTO chinhanh_khoahoc  VALUES ('CHINHANH2', 'KHOAHOC2');
INSERT INTO chinhanh_khoahoc  VALUES ('CHINHANH2', 'KHOAHOC1');

INSERT INTO DAYHOC VALUES ('NV1', 'LOPHOC1');
INSERT INTO DAYHOC VALUES ('NV1', 'LOPHOC2');
INSERT INTO DAYHOC VALUES ('NV2', 'LOPHOC3');
INSERT INTO DAYHOC VALUES ('NV2', 'LOPHOC4');
INSERT INTO DAYHOC VALUES ('NV3', 'LOPHOC5');
INSERT INTO DAYHOC VALUES ('NV3', 'LOPHOC1');
INSERT INTO DAYHOC VALUES ('NV4', 'LOPHOC2');
INSERT INTO DAYHOC VALUES ('NV4', 'LOPHOC3');
INSERT INTO DAYHOC VALUES ('NV5', 'LOPHOC6');
INSERT INTO DAYHOC VALUES ('NV5', 'LOPHOC7');
INSERT INTO DAYHOC VALUES ('NV1', 'LOPHOC6');
INSERT INTO DAYHOC VALUES ('NV2', 'LOPHOC7');

INSERT INTO diemdanh VALUES ('BUOIHOC1', 'HOCVIEN1', 'YES');
INSERT INTO diemdanh VALUES ('BUOIHOC1', 'HOCVIEN2', 'YES');
INSERT INTO diemdanh VALUES ('BUOIHOC1', 'HOCVIEN3', 'NO');
INSERT INTO diemdanh VALUES ('BUOIHOC1', 'HOCVIEN4', 'YES');
INSERT INTO diemdanh VALUES ('BUOIHOC2', 'HOCVIEN1', 'YES');
INSERT INTO diemdanh VALUES ('BUOIHOC2', 'HOCVIEN2', 'NO');
INSERT INTO diemdanh VALUES ('BUOIHOC2', 'HOCVIEN3', 'YES');
INSERT INTO diemdanh VALUES ('BUOIHOC2', 'HOCVIEN4', 'YES');
INSERT INTO diemdanh VALUES ('BUOIHOC3', 'HOCVIEN5', 'NO');
INSERT INTO diemdanh VALUES ('BUOIHOC3', 'HOCVIEN6', 'YES');
INSERT INTO diemdanh VALUES ('BUOIHOC3', 'HOCVIEN7', 'YES');
INSERT INTO diemdanh VALUES ('BUOIHOC4', 'HOCVIEN1', 'NO');
INSERT INTO diemdanh VALUES ('BUOIHOC5', 'HOCVIEN2', 'YES');
INSERT INTO diemdanh VALUES ('BUOIHOC6', 'HOCVIEN1', 'YES');
INSERT INTO diemdanh VALUES ('BUOIHOC7', 'HOCVIEN2', 'NO');
INSERT INTO diemdanh VALUES ('BUOIHOC8', 'HOCVIEN1', 'YES');
INSERT INTO diemdanh VALUES ('BUOIHOC9', 'HOCVIEN1', 'YES');
INSERT INTO diemdanh VALUES ('BUOIHOC10', 'HOCVIEN2', 'NO');

INSERT INTO hocsinh_phuhuynh VALUES ('123456789012', 'HOCVIEN1');
INSERT INTO hocsinh_phuhuynh VALUES ('123456789012', 'HOCVIEN2');
INSERT INTO hocsinh_phuhuynh VALUES ('123456789012', 'HOCVIEN3');
INSERT INTO hocsinh_phuhuynh VALUES ('123456789012', 'HOCVIEN4');

INSERT INTO hocvien_lophoc VALUES ('LOPHOC1', 'HOCVIEN1', '8', '9');
INSERT INTO hocvien_lophoc VALUES ('LOPHOC2', 'HOCVIEN1', '10', '10');
INSERT INTO hocvien_lophoc VALUES ('LOPHOC3', 'HOCVIEN1', '5', '6');
INSERT INTO hocvien_lophoc VALUES ('LOPHOC1', 'HOCVIEN2', '8', '9');
INSERT INTO hocvien_lophoc VALUES ('LOPHOC2', 'HOCVIEN2', '1', '10');
INSERT INTO hocvien_lophoc VALUES ('LOPHOC3', 'HOCVIEN2', '5', '6');
INSERT INTO hocvien_lophoc VALUES ('LOPHOC4', 'HOCVIEN2', '7', '9');
INSERT INTO hocvien_lophoc VALUES ('LOPHOC1', 'HOCVIEN3', '0', '10');
INSERT INTO hocvien_lophoc VALUES ('LOPHOC1', 'HOCVIEN4', '5', '6');
INSERT INTO hocvien_lophoc VALUES ('LOPHOC2', 'HOCVIEN5', '3', '9');
INSERT INTO hocvien_lophoc VALUES ('LOPHOC3', 'HOCVIEN6', '10', '10');
INSERT INTO hocvien_lophoc VALUES ('LOPHOC2', 'HOCVIEN7', '5', '6');

INSERT INTO khoahoc_cth VALUES ('CTH1', 'KHOAHOC1', 'Unit 1 ');
INSERT INTO khoahoc_cth VALUES ('CTH2', 'KHOAHOC1', 'Unit 1');
INSERT INTO khoahoc_cth VALUES ('CTH3', 'KHOAHOC2', 'Unit 7');
INSERT INTO khoahoc_cth VALUES ('CTH4', 'KHOAHOC3', 'CACH 10 DIEM BTL');
INSERT INTO khoahoc_cth VALUES ('CTH5', 'KHOAHOC2', 'Unit 8');
INSERT INTO khoahoc_cth VALUES ('CTH1', 'KHOAHOC2', 'LUYEN THI');
INSERT INTO khoahoc_cth VALUES ('CTH2', 'KHOAHOC2', 'Unit 8');
INSERT INTO khoahoc_cth VALUES ('CTH3', 'KHOAHOC3', 'ON TAP');

INSERT INTO khuyenmai_hoadon VALUES ('VOUCHER1', 'HOADON1');
INSERT INTO khuyenmai_hoadon VALUES ('VOUCHER2', 'HOADON2');
INSERT INTO khuyenmai_hoadon VALUES ('VOUCHER3', 'HOADON3');
INSERT INTO khuyenmai_hoadon VALUES ('VOUCHER4', 'HOADON4');
INSERT INTO khuyenmai_hoadon VALUES ('QUATANG1', 'HOADON5');
INSERT INTO khuyenmai_hoadon VALUES ('QUATANG1', 'HOADON6');
INSERT INTO khuyenmai_hoadon VALUES ('VOUCHER1', 'HOADON7');
INSERT INTO khuyenmai_hoadon VALUES ('VOUCHER2', 'HOADON8');

INSERT INTO quanly VALUES ('NV1', 'NV3');
INSERT INTO quanly VALUES ('NV2', 'NV3');
INSERT INTO quanly VALUES ('NV3', 'NV5');
INSERT INTO quanly VALUES ('NV4', 'NV5');
INSERT INTO quanly VALUES ('NV6', 'NV1');
INSERT INTO quanly VALUES ('NV7', 'NV1');


INSERT INTO sdt VALUES ('123456789012', '0987654321');
INSERT INTO sdt VALUES ('123456789012', '0678765432');
INSERT INTO sdt VALUES ('123456789012', '0978654321');
INSERT INTO sdt VALUES ('123456789012', '0978732432');

INSERT INTO tkb VALUES ('LOPHOC1', '2', '14', '16');
INSERT INTO tkb VALUES ('LOPHOC1', '4', '7', '9');
INSERT INTO tkb VALUES ('LOPHOC1', '6', '15', '17');
INSERT INTO tkb VALUES ('LOPHOC2', '2', '7', '9');
INSERT INTO tkb VALUES ('LOPHOC2', '3', '15', '17');
INSERT INTO tkb VALUES ('LOPHOC2', '7', '7', '9');







